[{"pk": 3, "model": "bookmarks.link", "fields": {"url": "http://facebook.com/"}}, {"pk": 4, "model": "bookmarks.link", "fields": {"url": "http://indiabix.com/"}}, {"pk": 10, "model": "bookmarks.link", "fields": {"url": "http://learnpythonthehardway.org/"}}, {"pk": 1, "model": "bookmarks.link", "fields": {"url": "http://linkedin.com/"}}, {"pk": 15, "model": "bookmarks.link", "fields": {"url": "http://msdn.microsoft.com/en-in/windows/hardware/gg454513.aspx"}}, {"pk": 2, "model": "bookmarks.link", "fields": {"url": "http://twitter.com/"}}, {"pk": 12, "model": "bookmarks.link", "fields": {"url": "http://www.ebay.in/"}}, {"pk": 6, "model": "bookmarks.link", "fields": {"url": "http://www.flipkart.com/"}}, {"pk": 13, "model": "bookmarks.link", "fields": {"url": "http://www.junglee.com/"}}, {"pk": 9, "model": "bookmarks.link", "fields": {"url": "http://www.learnpython.org/"}}, {"pk": 8, "model": "bookmarks.link", "fields": {"url": "http://www.pythonforbeginners.com/"}}, {"pk": 11, "model": "bookmarks.link", "fields": {"url": "http://www.snapdeal.com/"}}, {"pk": 14, "model": "bookmarks.link", "fields": {"url": "http://www.tangowithdjango.com/book"}}, {"pk": 7, "model": "bookmarks.link", "fields": {"url": "http://www.timesjobs.com/candidate/careerresources/htmls/interviewpreparing.jsp"}}, {"pk": 5, "model": "bookmarks.link", "fields": {"url": "https://docs.djangoproject.com/"}}, {"pk": 1, "model": "bookmarks.bookmark", "fields": {"link": 1, "user": 1, "title": "linkedin"}}, {"pk": 2, "model": "bookmarks.bookmark", "fields": {"link": 2, "user": 1, "title": "twitter"}}, {"pk": 3, "model": "bookmarks.bookmark", "fields": {"link": 3, "user": 1, "title": "facebook"}}, {"pk": 4, "model": "bookmarks.bookmark", "fields": {"link": 4, "user": 1, "title": "interview"}}, {"pk": 5, "model": "bookmarks.bookmark", "fields": {"link": 5, "user": 2, "title": "django_official_doc"}}, {"pk": 6, "model": "bookmarks.bookmark", "fields": {"link": 6, "user": 3, "title": "flipcart"}}, {"pk": 7, "model": "bookmarks.bookmark", "fields": {"link": 7, "user": 1, "title": "interview"}}, {"pk": 8, "model": "bookmarks.bookmark", "fields": {"link": 8, "user": 1, "title": "python"}}, {"pk": 9, "model": "bookmarks.bookmark", "fields": {"link": 9, "user": 1, "title": "python"}}, {"pk": 10, "model": "bookmarks.bookmark", "fields": {"link": 10, "user": 1, "title": "python"}}, {"pk": 11, "model": "bookmarks.bookmark", "fields": {"link": 11, "user": 1, "title": "snapdeal"}}, {"pk": 12, "model": "bookmarks.bookmark", "fields": {"link": 12, "user": 1, "title": "ebay"}}, {"pk": 13, "model": "bookmarks.bookmark", "fields": {"link": 13, "user": 1, "title": "junglee"}}, {"pk": 14, "model": "bookmarks.bookmark", "fields": {"link": 14, "user": 1, "title": "tango_with_django"}}, {"pk": 15, "model": "bookmarks.bookmark", "fields": {"link": 15, "user": 5, "title": "windows_driver"}}, {"pk": 4, "model": "bookmarks.tag", "fields": {"bookmarks": [5], "name": "Official_Doc"}}, {"pk": 1, "model": "bookmarks.tag", "fields": {"bookmarks": [1], "name": "professional_network"}}, {"pk": 5, "model": "bookmarks.tag", "fields": {"bookmarks": [6, 11, 12, 13], "name": "shopping"}}, {"pk": 2, "model": "bookmarks.tag", "fields": {"bookmarks": [2, 3], "name": "social_network"}}, {"pk": 3, "model": "bookmarks.tag", "fields": {"bookmarks": [4, 7, 8, 9, 10, 15], "name": "study"}}, {"pk": 6, "model": "bookmarks.tag", "fields": {"bookmarks": [14], "name": "study_django"}}, {"pk": 1, "model": "bookmarks.sharedbookmark", "fields": {"bookmark": 1, "date": "2014-02-17 07:20:37", "votes": 2, "users_voted": [1, 3]}}, {"pk": 2, "model": "bookmarks.sharedbookmark", "fields": {"bookmark": 5, "date": "2014-02-17 23:34:28", "votes": 3, "users_voted": [1, 2, 3]}}, {"pk": 3, "model": "bookmarks.sharedbookmark", "fields": {"bookmark": 6, "date": "2014-02-18 01:18:40", "votes": 2, "users_voted": [1, 3]}}, {"pk": 4, "model": "bookmarks.sharedbookmark", "fields": {"bookmark": 7, "date": "2014-02-19 00:03:51", "votes": 1, "users_voted": [1]}}, {"pk": 5, "model": "bookmarks.sharedbookmark", "fields": {"bookmark": 4, "date": "2014-02-19 00:03:57", "votes": 1, "users_voted": [1]}}, {"pk": 6, "model": "bookmarks.sharedbookmark", "fields": {"bookmark": 3, "date": "2014-02-19 00:04:04", "votes": 1, "users_voted": [1]}}, {"pk": 7, "model": "bookmarks.sharedbookmark", "fields": {"bookmark": 8, "date": "2014-02-19 00:05:31", "votes": 1, "users_voted": [1]}}, {"pk": 8, "model": "bookmarks.sharedbookmark", "fields": {"bookmark": 9, "date": "2014-02-19 00:06:20", "votes": 1, "users_voted": [1]}}, {"pk": 9, "model": "bookmarks.sharedbookmark", "fields": {"bookmark": 10, "date": "2014-02-19 00:06:47", "votes": 1, "users_voted": [1]}}, {"pk": 10, "model": "bookmarks.sharedbookmark", "fields": {"bookmark": 11, "date": "2014-02-19 00:07:50", "votes": 1, "users_voted": [1]}}, {"pk": 11, "model": "bookmarks.sharedbookmark", "fields": {"bookmark": 12, "date": "2014-02-19 00:08:18", "votes": 1, "users_voted": [1]}}, {"pk": 12, "model": "bookmarks.sharedbookmark", "fields": {"bookmark": 13, "date": "2014-02-19 00:09:19", "votes": 1, "users_voted": [1]}}, {"pk": 13, "model": "bookmarks.sharedbookmark", "fields": {"bookmark": 14, "date": "2014-02-19 00:11:00", "votes": 1, "users_voted": [1]}}, {"pk": 14, "model": "bookmarks.sharedbookmark", "fields": {"bookmark": 15, "date": "2014-02-19 01:10:33", "votes": 1, "users_voted": [5]}}, {"pk": 3, "model": "bookmarks.friendship", "fields": {"to_friend": 1, "from_friend": 2}}, {"pk": 4, "model": "bookmarks.friendship", "fields": {"to_friend": 1, "from_friend": 5}}, {"pk": 5, "model": "bookmarks.friendship", "fields": {"to_friend": 1, "from_friend": 6}}, {"pk": 1, "model": "bookmarks.friendship", "fields": {"to_friend": 2, "from_friend": 1}}, {"pk": 2, "model": "bookmarks.friendship", "fields": {"to_friend": 3, "from_friend": 1}}, {"pk": 6, "model": "bookmarks.friendship", "fields": {"to_friend": 6, "from_friend": 1}}, {"pk": 1, "model": "bookmarks.invitation", "fields": {"code": "yGR42pHFUgeMwNqPYPXR", "sender": 1, "name": "Ravikumar", "email": "ravi26patil@gmail.com"}}, {"pk": 2, "model": "bookmarks.invitation", "fields": {"code": "nucHTJ7qAExzxPCTx54N", "sender": 1, "name": "Uma Chavan", "email": "umachavan6@gmail.com"}}, {"pk": 3, "model": "bookmarks.invitation", "fields": {"code": "ee2VWW442dGGEY6bS8wt", "sender": 1, "name": "Ravikumar", "email": "ravi26patil@gmail.com"}}, {"pk": 4, "model": "bookmarks.invitation", "fields": {"code": "dgfcvSedunepfs29be7q", "sender": 1, "name": "Ravikumar", "email": "ravi26patl@gmail.com"}}, {"pk": 1, "model": "bookmarks.contact", "fields": {"msg": "hi", "phone": 9890949622, "name": "ravi", "email": "ravi26patil@gmail.com"}}, {"pk": 2, "model": "bookmarks.contact", "fields": {"msg": "hello", "phone": 123456789, "name": "venky", "email": "venky.pawar@gmail.com"}}, {"pk": 3, "model": "bookmarks.contact", "fields": {"msg": "hiiii", "phone": 98765432, "name": "aaa", "email": "a@gmail.com"}}, {"pk": 4, "model": "bookmarks.contact", "fields": {"msg": "555", "phone": 666, "name": "bbb", "email": "b@gmai.com"}}, {"pk": 5, "model": "bookmarks.contact", "fields": {"msg": "kiki", "phone": 123456, "name": "hh", "email": "f@gmai.com"}}, {"pk": 6, "model": "bookmarks.contact", "fields": {"msg": "sdads", "phone": 92265, "name": "asdasdasd", "email": "bdg@gmail.com"}}, {"pk": 7, "model": "bookmarks.contact", "fields": {"msg": "rghhbt", "phone": 6666, "name": "g", "email": "g@gmail.com"}}, {"pk": 8, "model": "bookmarks.contact", "fields": {"msg": "dvsdvsv", "phone": 959595, "name": "avinash", "email": "abc@gmk.com"}}, {"pk": 9, "model": "bookmarks.contact", "fields": {"msg": "szsczv", "phone": 424242422, "name": "zzz", "email": "zz@gmao.com"}}, {"pk": 10, "model": "bookmarks.contact", "fields": {"msg": "wfwef", "phone": 45234523, "name": "asfascd", "email": "asdasd@fghfgh.vom"}}, {"pk": 11, "model": "bookmarks.contact", "fields": {"msg": "wfwef", "phone": 45234523, "name": "asfascd", "email": "asdasd@fghfgh.vom"}}, {"pk": 12, "model": "bookmarks.contact", "fields": {"msg": "oooooooooooooo", "phone": 9999999999999999, "name": "ooo", "email": "oooo@omail.com"}}, {"pk": 13, "model": "bookmarks.contact", "fields": {"msg": "qqwd", "phone": 32423423, "name": "a", "email": "s@b.com"}}, {"pk": 14, "model": "bookmarks.contact", "fields": {"msg": "rgsrg", "phone": 45637677, "name": "zzzzzzzzzzz", "email": "scsdcdc@dvfv.hj"}}, {"pk": 44, "model": "auth.permission", "fields": {"codename": "add_logentry", "name": "Can add log entry", "content_type": 15}}, {"pk": 45, "model": "auth.permission", "fields": {"codename": "change_logentry", "name": "Can change log entry", "content_type": 15}}, {"pk": 46, "model": "auth.permission", "fields": {"codename": "delete_logentry", "name": "Can delete log entry", "content_type": 15}}, {"pk": 4, "model": "auth.permission", "fields": {"codename": "add_group", "name": "Can add group", "content_type": 2}}, {"pk": 5, "model": "auth.permission", "fields": {"codename": "change_group", "name": "Can change group", "content_type": 2}}, {"pk": 6, "model": "auth.permission", "fields": {"codename": "delete_group", "name": "Can delete group", "content_type": 2}}, {"pk": 10, "model": "auth.permission", "fields": {"codename": "add_message", "name": "Can add message", "content_type": 4}}, {"pk": 11, "model": "auth.permission", "fields": {"codename": "change_message", "name": "Can change message", "content_type": 4}}, {"pk": 12, "model": "auth.permission", "fields": {"codename": "delete_message", "name": "Can delete message", "content_type": 4}}, {"pk": 1, "model": "auth.permission", "fields": {"codename": "add_permission", "name": "Can add permission", "content_type": 1}}, {"pk": 2, "model": "auth.permission", "fields": {"codename": "change_permission", "name": "Can change permission", "content_type": 1}}, {"pk": 3, "model": "auth.permission", "fields": {"codename": "delete_permission", "name": "Can delete permission", "content_type": 1}}, {"pk": 7, "model": "auth.permission", "fields": {"codename": "add_user", "name": "Can add user", "content_type": 3}}, {"pk": 8, "model": "auth.permission", "fields": {"codename": "change_user", "name": "Can change user", "content_type": 3}}, {"pk": 9, "model": "auth.permission", "fields": {"codename": "delete_user", "name": "Can delete user", "content_type": 3}}, {"pk": 25, "model": "auth.permission", "fields": {"codename": "add_bookmark", "name": "Can add bookmark", "content_type": 9}}, {"pk": 26, "model": "auth.permission", "fields": {"codename": "change_bookmark", "name": "Can change bookmark", "content_type": 9}}, {"pk": 27, "model": "auth.permission", "fields": {"codename": "delete_bookmark", "name": "Can delete bookmark", "content_type": 9}}, {"pk": 31, "model": "auth.permission", "fields": {"codename": "add_contact", "name": "Can add contact", "content_type": 11}}, {"pk": 32, "model": "auth.permission", "fields": {"codename": "change_contact", "name": "Can change contact", "content_type": 11}}, {"pk": 33, "model": "auth.permission", "fields": {"codename": "delete_contact", "name": "Can delete contact", "content_type": 11}}, {"pk": 47, "model": "auth.permission", "fields": {"codename": "add_friendship", "name": "Can add friendship", "content_type": 16}}, {"pk": 48, "model": "auth.permission", "fields": {"codename": "change_friendship", "name": "Can change friendship", "content_type": 16}}, {"pk": 49, "model": "auth.permission", "fields": {"codename": "delete_friendship", "name": "Can delete friendship", "content_type": 16}}, {"pk": 50, "model": "auth.permission", "fields": {"codename": "add_invitation", "name": "Can add invitation", "content_type": 17}}, {"pk": 51, "model": "auth.permission", "fields": {"codename": "change_invitation", "name": "Can change invitation", "content_type": 17}}, {"pk": 52, "model": "auth.permission", "fields": {"codename": "delete_invitation", "name": "Can delete invitation", "content_type": 17}}, {"pk": 22, "model": "auth.permission", "fields": {"codename": "add_link", "name": "Can add link", "content_type": 8}}, {"pk": 23, "model": "auth.permission", "fields": {"codename": "change_link", "name": "Can change link", "content_type": 8}}, {"pk": 24, "model": "auth.permission", "fields": {"codename": "delete_link", "name": "Can delete link", "content_type": 8}}, {"pk": 34, "model": "auth.permission", "fields": {"codename": "add_sharedbookmark", "name": "Can add shared bookmark", "content_type": 12}}, {"pk": 35, "model": "auth.permission", "fields": {"codename": "change_sharedbookmark", "name": "Can change shared bookmark", "content_type": 12}}, {"pk": 36, "model": "auth.permission", "fields": {"codename": "delete_sharedbookmark", "name": "Can delete shared bookmark", "content_type": 12}}, {"pk": 28, "model": "auth.permission", "fields": {"codename": "add_tag", "name": "Can add tag", "content_type": 10}}, {"pk": 29, "model": "auth.permission", "fields": {"codename": "change_tag", "name": "Can change tag", "content_type": 10}}, {"pk": 30, "model": "auth.permission", "fields": {"codename": "delete_tag", "name": "Can delete tag", "content_type": 10}}, {"pk": 37, "model": "auth.permission", "fields": {"codename": "add_comment", "name": "Can add comment", "content_type": 13}}, {"pk": 40, "model": "auth.permission", "fields": {"codename": "can_moderate", "name": "Can moderate comments", "content_type": 13}}, {"pk": 38, "model": "auth.permission", "fields": {"codename": "change_comment", "name": "Can change comment", "content_type": 13}}, {"pk": 39, "model": "auth.permission", "fields": {"codename": "delete_comment", "name": "Can delete comment", "content_type": 13}}, {"pk": 41, "model": "auth.permission", "fields": {"codename": "add_commentflag", "name": "Can add comment flag", "content_type": 14}}, {"pk": 42, "model": "auth.permission", "fields": {"codename": "change_commentflag", "name": "Can change comment flag", "content_type": 14}}, {"pk": 43, "model": "auth.permission", "fields": {"codename": "delete_commentflag", "name": "Can delete comment flag", "content_type": 14}}, {"pk": 13, "model": "auth.permission", "fields": {"codename": "add_contenttype", "name": "Can add content type", "content_type": 5}}, {"pk": 14, "model": "auth.permission", "fields": {"codename": "change_contenttype", "name": "Can change content type", "content_type": 5}}, {"pk": 15, "model": "auth.permission", "fields": {"codename": "delete_contenttype", "name": "Can delete content type", "content_type": 5}}, {"pk": 16, "model": "auth.permission", "fields": {"codename": "add_session", "name": "Can add session", "content_type": 6}}, {"pk": 17, "model": "auth.permission", "fields": {"codename": "change_session", "name": "Can change session", "content_type": 6}}, {"pk": 18, "model": "auth.permission", "fields": {"codename": "delete_session", "name": "Can delete session", "content_type": 6}}, {"pk": 19, "model": "auth.permission", "fields": {"codename": "add_site", "name": "Can add site", "content_type": 7}}, {"pk": 20, "model": "auth.permission", "fields": {"codename": "change_site", "name": "Can change site", "content_type": 7}}, {"pk": 21, "model": "auth.permission", "fields": {"codename": "delete_site", "name": "Can delete site", "content_type": 7}}, {"pk": 1, "model": "auth.user", "fields": {"username": "ravip", "first_name": "", "last_name": "", "is_active": true, "is_superuser": false, "is_staff": false, "last_login": "2014-02-19 05:32:38", "groups": [], "user_permissions": [], "password": "sha1$51760$9b92331e73835b79b2463a1ca5049200e6b6119d", "email": "ravi26patil@gmail.com", "date_joined": "2014-02-12 08:14:23"}}, {"pk": 2, "model": "auth.user", "fields": {"username": "omkarp", "first_name": "", "last_name": "", "is_active": true, "is_superuser": false, "is_staff": false, "last_login": "2014-02-17 23:33:16", "groups": [], "user_permissions": [], "password": "sha1$888c8$c0ef3b56dba45390b12c1feff1bcb8e3643be42d", "email": "ravi26patil@gmail.com", "date_joined": "2014-02-17 23:32:59"}}, {"pk": 3, "model": "auth.user", "fields": {"username": "venkateshp", "first_name": "", "last_name": "", "is_active": true, "is_superuser": false, "is_staff": false, "last_login": "2014-02-18 01:16:44", "groups": [], "user_permissions": [], "password": "sha1$f3145$a4a30882c737a73969a90c9d3a1d7a84678ee5ce", "email": "venkateshp@gmail.com", "date_joined": "2014-02-18 00:11:27"}}, {"pk": 4, "model": "auth.user", "fields": {"username": "admin", "first_name": "", "last_name": "", "is_active": true, "is_superuser": true, "is_staff": true, "last_login": "2014-02-19 05:52:57", "groups": [], "user_permissions": [], "password": "sha1$00392$62a49df946cb35007295444b129b82f82c0b4b6f", "email": "ravi26patil@gmail.com", "date_joined": "2014-02-18 02:01:14"}}, {"pk": 5, "model": "auth.user", "fields": {"username": "ankitb", "first_name": "", "last_name": "", "is_active": true, "is_superuser": false, "is_staff": false, "last_login": "2014-02-19 01:08:40", "groups": [], "user_permissions": [], "password": "sha1$14128$e12d4893645ad11d51c9b51ffc658506697a87fb", "email": "ankitb@gmail.com", "date_joined": "2014-02-19 01:08:00"}}, {"pk": 6, "model": "auth.user", "fields": {"username": "ashishs", "first_name": "", "last_name": "", "is_active": true, "is_superuser": false, "is_staff": false, "last_login": "2014-02-19 03:06:51", "groups": [], "user_permissions": [], "password": "sha1$c43fa$fd3d7aa76615b1fce0c7ff454a0bef3cd792655b", "email": "ravi26patil@gmail.com", "date_joined": "2014-02-19 03:06:20"}}, {"pk": 7, "model": "auth.user", "fields": {"username": "shantaramj", "first_name": "", "last_name": "", "is_active": true, "is_superuser": false, "is_staff": false, "last_login": "2014-02-19 05:54:18", "groups": [], "user_permissions": [], "password": "sha1$7d53b$6648a5209fde155ac9cdd84b9c3686b595225be0", "email": "shantaram@gmail.com", "date_joined": "2014-02-19 05:54:18"}}, {"pk": 8, "model": "auth.user", "fields": {"username": "test", "first_name": "", "last_name": "", "is_active": true, "is_superuser": false, "is_staff": false, "last_login": "2014-02-19 06:07:01", "groups": [], "user_permissions": [], "password": "sha1$bcb54$29529ec04480af11309e5c90f520f60dfbce4ec6", "email": "testuser@example.com", "date_joined": "2014-02-19 06:07:01"}}]